product_name,brand,sub_category,discount_pct,rating,rating_count
"Boult Audio AirBass PowerBuds with Inbuilt Powerbank, 120H Total Playtime, IPX7 Fully Waterproof, Lightning Boult Type-C Fast Charging, Low Latency Gaming, TWS Earbuds with Pro+ Calling Mic (Black)",Boult,"Headphones,Earbuds&Accessories",83,3.7,28324.0
"Boult Audio Truebuds with 30H Playtime, IPX7 Waterproof, Lightning Boult™ Type C Fast Charging (10 Min=100Mins), BoomX™ Tech Rich Bass, Pro+ Calling HD Mic, Touch Controls in Ear Earbuds TWS (Grey)",Boult,"Headphones,Earbuds&Accessories",85,3.6,25910.0
"PTron Boom Ultima 4D Dual Driver, in-Ear Gaming Wired Headphones with in-line Mic, Volume Control & Passive Noise Cancelling Boom 3 Earphones - (Dark Blue)",pTron,"Headphones,Earbuds&Accessories",84,3.6,18202.0
GIZGA essentials Universal Silicone Keyboard Protector Skin for 15.6-inches Laptop (5 x 6 x 3 inches),Gizga,Accessories&Peripherals,87,3.5,15233.0
"Boult Audio Airbass Propods X TWS Bluetooth Truly Wireless in Ear Earbuds with Mic, 32H Playtime, Fast Charging Type-C, Ipx5 Water Resistant, Touch Controls and Voice Assistant (Red)",Boult,"Headphones,Earbuds&Accessories",82,3.5,12966.0
Zodo 8. 5 inch LCD E-Writer Electronic Writing Pad/Tablet Drawing Board (Paperless Memo Digital Tablet),Zodo,Accessories&Peripherals,80,3.5,9638.0
"Gizga Essentials Multi-Purpose Portable & Foldable Wooden Desk for Bed Tray, Laptop Table, Study Table (Black)",Gizga,Accessories&Peripherals,73,3.6,6422.0
"LS LAPSTER Quality Assured Universal Silicone 15.6"" Keyboard Protector Skin|| Keyboard Dust Cover|| Keyboard Skin for 15.6"" Laptop| 15.6"" Keyguard| (3.93 x 11.81 x 0.39 inches)",LS,Accessories&Peripherals,88,3.3,5692.0
"PTron Newly Launched Force X10 Bluetooth Calling Smartwatch with 1.7"" Full Touch Color Display, Real Heart Rate Monitor, SpO2, Watch Faces, 5 Days Runtime, Fitness Trackers & IP68 Waterproof (Blue)",pTron,WearableTechnology,78,3.3,4415.0
"PTron Newly Launched Force X10 Bluetooth Calling Smartwatch with 1.7"" Full Touch Display, Real Heart Rate Monitor, SpO2, Watch Faces, 5 Days Runtime, Health/Fitness Trackers & IP68 Waterproof (Black)",pTron,WearableTechnology,77,3.3,4415.0
"PTron Newly Launched Force X10 Bluetooth Calling Smartwatch with 1.7"" Full Touch Color Display, Real Heart Rate Monitor, SpO2, Watch Faces, 5 Days Runtime, Fitness Trackers & IP68 Waterproof (Pink)",pTron,WearableTechnology,78,3.3,4415.0
"ROYAL STEP - AMAZON'S BRAND - Portable Electric USB Juice Maker Juicer Bottle Blender Grinder Mixer,4 Blades Rechargeable Bottle with (Multi color) (MULTI)",ROYAL,Kitchen&HomeAppliances,77,3.1,3527.0
"HP w100 480P 30 FPS Digital Webcam with Built-in Mic, Plug and Play Setup, Wide-Angle View for Video Calling on Skype, Zoom, Microsoft Teams and Other Apps (Black)",HP,Cameras&Photography,75,3.7,3369.0
"SWAPKART Flexible Mobile Tabletop Stand, Metal Built, Heavy Duty Foldable Lazy Bracket Clip Mount Multi Angle Clamp for All Smartphones (Pack of 1), Multi Color",SWAPKART,Mobiles&Accessories,75,3.7,3234.0
LAPSTER Accessories Power Cable Cord 2 Pin Laptop Adapter and Tape Recorder 1.5M,Lapster,Accessories&Peripherals,85,3.5,2523.0
"MYVN LTG to USB for Fast Charging & Data Sync USB Cable Compatible for iPhone 5/5s/6/6S/7/7+/8/8+/10/11, iPad Air/Mini, iPod and iOS Devices (1 M)",MYVN,Accessories&Peripherals,75,3.7,2249.0
"Airtel DigitalTV DTH Television, Setup Box Remote Compatible for SD and HD Recording (Black)",Airtel,"HomeTheater,TV&Video",78,3.7,2201.0
beatXP Kitchen Scale Multipurpose Portable Electronic Digital Weighing Scale | Weight Machine With Back light LCD Display | White |10 kg | 2 Year Warranty |,beatXP,Kitchen&HomeAppliances,90,3.7,2031.0
"Boult Audio Omega with 30dB ANC+ ENC, 32H Playtime, 45ms Latency Gaming Mode, Quad Mic Zen ENC, 3 Equalizer Modes, ANC, Type-C Fast Charging, IPX5 True Wireless in Ear Bluetooth Earbuds (Black)",Boult,"Headphones,Earbuds&Accessories",80,3.7,1986.0
"ZEBRONICS Zeb-Sound Bomb N1 True Wireless in Ear Earbuds with Mic ENC, Gaming Mode (up to 50ms), up to 18H Playback, BT V5.2, Fidget Case, Voice Assistant, Splash Proof, Type C (Midnight Black)",Zebronics,"Headphones,Earbuds&Accessories",76,3.5,1913.0
SVM Products Unbreakable Set Top Box Stand with Dual Remote Holder (Black),SVM,"HomeTheater,TV&Video",76,3.6,1796.0
"Kitchen Kit Electric Kettle, 1.8L Stainless Steel Tea Kettle, Fast Boil Water Warmer with Auto Shut Off and Boil Dry Protection Tech",Kitchen,Kitchen&HomeAppliances,76,3.4,1066.0
