sub_category,products,avg_price,avg_discount,avg_rating,total_ratings
WearableTechnology,62,2360.21,69.71,4.01,1227989.0
"Headphones,Earbuds&Accessories",63,959.65,59.49,3.92,4548406.0
Accessories&Peripherals,307,526.91,55.41,4.14,3741108.0
HomeAudio,16,1546.5,49.69,4.07,293704.0
"HomeTheater,TV&Video",156,10540.24,49.39,4.07,2371410.0
Cameras&Photography,16,1272.0,47.56,4.12,322657.0
NetworkingDevices,30,1157.13,47.2,4.16,1346612.0
ExternalDevices&DataStorage,18,2151.39,46.89,4.32,1037012.0
HomeStorage&Organization,16,358.0,46.06,4.03,53765.0
Mobiles&Accessories,151,7538.25,41.47,4.13,4290047.0
"Heating,Cooling&AirQuality",116,3222.32,40.68,3.99,551371.0
Kitchen&HomeAppliances,308,2153.08,40.26,4.05,2052156.0
OfficePaperProducts,27,242.85,14.0,4.29,118700.0
