brand,products,avg_discount,avg_rating,total_ratings
Logitech,15,26.67,4.38,349817.0
SanDisk,16,55.06,4.37,1358815.0
Duracell,15,32.4,4.35,126165.0
Classmate,12,5.5,4.35,59154.0
TP-Link,18,43.11,4.31,1317925.0
AmazonBasics,48,55.56,4.26,2408204.0
Philips,23,16.17,4.25,215549.0
MI,24,31.88,4.25,971394.0
Fire-Boltt,21,80.1,4.23,418237.0
Wayona,21,64.57,4.22,224375.0
AGARO,15,44.33,4.2,67104.0
Samsung,33,31.82,4.19,745193.0
Havells,19,36.32,4.19,106628.0
OnePlus,13,16.54,4.18,199906.0
STRIFF,10,78.6,4.17,89068.0
iQOO,14,24.21,4.16,236770.0
Portronics,21,53.95,4.15,137526.0
INALSA,10,45.8,4.12,58161.0
Lapster,11,81.64,4.1,17549.0
Bajaj,27,36.22,4.08,275206.0
boAt,53,62.53,4.08,3793619.0
Gizga,13,66.46,4.08,156793.0
HP,21,37.95,4.06,264157.0
Redmi,25,24.96,4.05,1833245.0
Ambrane,17,45.12,4.04,180907.0
Crompton,15,35.27,4.02,109938.0
Usha,14,32.86,4.0,124707.0
FLiX,10,60.6,3.98,79317.0
KENT,14,30.07,3.96,68393.0
Noise,20,56.65,3.96,507349.0
Prestige,14,30.57,3.95,289050.0
Pigeon,11,44.73,3.89,504066.0
Zebronics,30,48.13,3.84,356519.0
Lifelong,12,51.92,3.84,70767.0
Boult,11,76.55,3.77,291342.0
pTron,15,80.2,3.75,269998.0
7SEVEN®,11,53.55,3.7,3196.0
