product_name,brand,discounted_price,rating,rating_count,weighted_rating
"Swiffer Instant Electric Water Heater Faucet Tap Home-Kitchen Instantaneous Water Heater Tank less for Tap, LED Electric Head Water Heaters Tail Gallon Comfort(3000W) ((Pack of 1))",Swiffer,1439.0,4.8,53803.0,4.637
SanDisk Extreme SD UHS I 64GB Card for 4K Video for DSLR and Mirrorless Cameras 170MB/s Read & 80MB/s Write,SanDisk,939.0,4.5,205052.0,4.47
"AmazonBasics USB 2.0 Cable - A-Male to B-Male - for Personal Computer, Printer- 6 Feet (1.8 Meters), Black",AmazonBasics,209.0,4.5,107687.0,4.447
Crucial BX500 240GB 3D NAND SATA 6.35 cm (2.5-inch) SSD (CT240BX500SSD1),Crucial,1815.0,4.5,92925.0,4.44
Redgear MP35 Speed-Type Gaming Mousepad (Black/Red),Redgear,299.0,4.6,33434.0,4.435
"AmazonBasics USB 2.0 Extension Cable for Personal Computer, Printer, 2-Pack - A-Male to A-Female - 3.3 Feet (1 Meter, Black)",AmazonBasics,299.0,4.5,74977.0,4.428
"AmazonBasics USB 2.0 - A-Male to A-Female Extension Cable for Personal Computer, Printer (Black, 9.8 Feet/3 Meters)",AmazonBasics,199.0,4.5,74976.0,4.428
Spigen EZ Fit Tempered Glass Screen Protector Guard for iPhone 14/13/13 Pro - 2 Pack,Spigen,999.0,4.6,26603.0,4.409
"Logitech M235 Wireless Mouse, 1000 DPI Optical Tracking, 12 Month Life Battery, Compatible with Windows, Mac, Chromebook/PC/Laptop",Logitech,699.0,4.5,54405.0,4.407
"Seagate Expansion 1TB External HDD - USB 3.0 for Windows and Mac with 3 yr Data Recovery Services, Portable Hard Drive (STKM1000400)",Seagate,4098.0,4.5,50810.0,4.402
