sub_category,products,avg_discount,avg_rating
WearableTechnology,62,69.7,4.01
"Headphones,Earbuds&Accessories",63,59.5,3.92
Accessories&Peripherals,307,55.4,4.14
HomeAudio,16,49.7,4.07
"HomeTheater,TV&Video",156,49.4,4.07
Cameras&Photography,16,47.6,4.13
NetworkingDevices,30,47.2,4.16
ExternalDevices&DataStorage,18,46.9,4.32
HomeStorage&Organization,16,46.1,4.03
Mobiles&Accessories,151,41.5,4.13
"Heating,Cooling&AirQuality",116,40.7,3.99
Kitchen&HomeAppliances,308,40.3,4.05
OfficePaperProducts,27,14.0,4.29
