sub_category,rank_in_category,product,rating,rating_count
Accessories,1,SanDisk Extreme SD UHS I 64GB Card for 4K Video fo,4.5,205052.0
Accessories,2,Samsung EVO Plus 128GB microSDXC UHS-I U3 130MB/s ,4.3,140036.0
Accessories,3,Samsung EVO Plus 64GB microSDXC UHS-I U1 130MB/s F,4.3,140036.0
Accessories&Peripherals,1,Amazon Basics USB A to Lightning MFi Certified Cha,4.1,178817.0
Accessories&Peripherals,2,AmazonBasics USB 2.0 Cable - A-Male to B-Male - fo,4.5,107687.0
Accessories&Peripherals,3,boAt Deuce USB 300 2 in 1 Type-C & Micro USB Stres,4.2,94364.0
Arts&Crafts,1,Faber-Castell Connector Pen Set - Pack of 25 (Asso,4.3,15867.0
Cameras&Photography,1,TP-Link Tapo 360° 2MP 1080p Full HD Pan/Tilt Home ,4.2,93112.0
Cameras&Photography,2,MI 360° Home Security Wireless Camera 2K Pro with ,4.3,44696.0
Cameras&Photography,3,ENVIE ECR-20 Charger for AA & AAA Rechargeable Bat,3.8,40895.0
CarAccessories,1,"Reffair AX30 [MAX] Portable Air Purifier for Car, ",3.8,1118.0
Components,1,Crucial BX500 240GB 3D NAND SATA 6.35 cm (2.5-inch,4.5,92925.0
Components,2,Crucial RAM 8GB DDR4 3200MHz CL22 (or 2933MHz or 2,4.5,26194.0
Components,3,Western Digital WD Green SATA 240GB Internal SSD S,4.4,3029.0
CraftMaterials,1,3M Scotch Double Sided Heavy Duty Tape(1m holds 4.,3.9,14778.0
CraftMaterials,2,Classmate Octane Colour Burst-Multicolour Gel Pens,4.4,10718.0
CraftMaterials,3,"Camel Fabrica Acrylic Ultra Color - 15ml each, 10 ",4.4,10170.0
Electrical,1,"Gizga Essentials Cable Organiser, Cord Management ",4.5,5985.0
Electrical,2,ESnipe Mart Worldwide Travel Adapter with Build in,4.0,2581.0
ExternalDevices&DataStorage,1,SanDisk Cruzer Blade 32GB USB Flash Drive,4.3,253105.0
ExternalDevices&DataStorage,2,SanDisk Ultra Dual 64 GB USB 3.0 OTG Pen Drive (Bl,4.3,189104.0
ExternalDevices&DataStorage,3,SanDisk Ultra 64 GB USB Pen Drives (SDDDC2-064G-I3,4.3,82356.0
GeneralPurposeBatteries&BatteryChargers,1,"Duracell Rechargeable AA 2500mAh Batteries, 4 Pcs",4.4,31599.0
GeneralPurposeBatteries&BatteryChargers,2,"Duracell Ultra Alkaline AA Battery, 8 Pcs",4.5,28030.0
GeneralPurposeBatteries&BatteryChargers,3,Duracell Plus AAA Rechargeable Batteries (750 mAh),4.3,27201.0
"Headphones,Earbuds&Accessories",1,boAt Bassheads 100 in Ear Wired Earphones with Mic,4.1,363713.0
"Headphones,Earbuds&Accessories",2,boAt Bassheads 100 in Ear Wired Earphones with Mic,4.1,363713.0
"Headphones,Earbuds&Accessories",3,boAt BassHeads 100 in-Ear Wired Headphones with Mi,4.1,363711.0
"Heating,Cooling&AirQuality",1,Swiffer Instant Electric Water Heater Faucet Tap H,4.8,53803.0
"Heating,Cooling&AirQuality",2,"Bajaj Immersion Rod Water Heater 1500 Watts, Silve",4.1,36017.0
"Heating,Cooling&AirQuality",3,atomberg Renesa 1200mm BLDC Motor with Remote 3 Bl,4.3,28629.0
HomeAudio,1,Zebronics ZEB-COUNTY 3W Wireless Bluetooth Portabl,3.9,64705.0
HomeAudio,2,"JBL Go 2, Wireless Portable Bluetooth Speaker with",4.3,63899.0
HomeAudio,3,boAt Stone 650 10W Bluetooth Speaker with Upto 7 H,4.2,41226.0
HomeMedicalSupplies&Equipment,1,Dr Trust Electronic Kitchen Digital Scale Weighing,4.0,3663.0
HomeStorage&Organization,1,Kuber Industries Waterproof Canvas Laundry Bag/Ham,4.0,10234.0
HomeStorage&Organization,2,Kuber Industries Nylon Mesh Laundry Basket|Sturdy ,3.7,7945.0
HomeStorage&Organization,3,"Cello Eliza Plastic Laundry Bag/Basket, 50 litres,",4.2,7274.0
"HomeTheater,TV&Video",1,"AmazonBasics Flexible Premium HDMI Cable (Black, 4",4.4,426973.0
"HomeTheater,TV&Video",2,"Amazon Basics High-Speed HDMI Cable, 6 Feet - Supp",4.4,426973.0
"HomeTheater,TV&Video",3,"Amazon Basics High-Speed HDMI Cable, 6 Feet (2-Pac",4.4,426973.0
Kitchen&Dining,1,Pigeon Polypropylene Mini Handy and Compact Choppe,4.1,270563.0
Kitchen&HomeAppliances,1,Pigeon by Stovekraft Amaze Plus Electric Kettle (1,3.9,123365.0
Kitchen&HomeAppliances,2,"Prestige Electric Kettle PKOSS - 1500watts, Steel ",3.9,63350.0
Kitchen&HomeAppliances,3,Pigeon by Stovekraft Cruise 1800 watt Induction Co,3.8,54032.0
Laptops,1,"Lenovo IdeaPad 3 11th Gen Intel Core i3 15.6"" FHD ",4.0,323.0
Microphones,1,Boya ByM1 Auxiliary Omnidirectional Lavalier Conde,4.0,68664.0
Microphones,2,MAONO AU-400 Lavalier Auxiliary Omnidirectional Mi,3.8,20218.0
Mobiles&Accessories,1,"Redmi 9 Activ (Carbon Black, 4GB RAM, 64GB Storage",4.1,313836.0
Mobiles&Accessories,2,"Redmi 9A Sport (Coral Green, 2GB RAM, 32GB Storage",4.1,313836.0
Mobiles&Accessories,3,"Redmi 9A Sport (Carbon Black, 2GB RAM, 32GB Storag",4.1,313832.0
Monitors,1,"Samsung 24-inch(60.46cm) FHD Monitor, IPS, 75 Hz, ",4.3,2623.0
Monitors,2,Acer EK220Q 21.5 Inch (54.61 cm) Full HD (1920x108,4.2,2014.0
NetworkingDevices,1,TP-Link Nano USB WiFi Dongle 150Mbps High Gain Wir,4.2,179692.0
NetworkingDevices,2,"TP-Link USB WiFi Adapter for PC(TL-WN725N), N150 W",4.2,179691.0
NetworkingDevices,3,TP-LINK WiFi Dongle 300 Mbps Mini Wireless Network,4.2,179691.0
OfficeElectronics,1,Casio FX-82MS 2nd Gen Non-Programmable Scientific ,4.4,12179.0
OfficeElectronics,2,Casio MJ-12D 150 Steps Check and Correct Desktop C,4.5,8610.0
OfficeElectronics,3,Casio FX-991ES Plus-2nd Edition Scientific Calcula,4.5,5760.0
OfficePaperProducts,1,COI Note Pad/Memo Book with Sticky Notes & Clip Ho,4.1,9344.0
OfficePaperProducts,2,"Classmate Pulse 6 Subject Notebook - Unruled, 300 ",4.2,8938.0
OfficePaperProducts,3,Classmate Soft Cover 6 Subject Spiral Binding Note,4.5,8618.0
PowerAccessories,1,Belkin Essential Series 4-Socket Surge Protector U,4.5,20668.0
"Printers,Inks&Accessories",1,"HP Deskjet 2331 Colour Printer, Scanner and Copier",3.5,21762.0
"Printers,Inks&Accessories",2,Canon PIXMA MG2577s All-in-One Inkjet Colour Print,3.4,12185.0
"Printers,Inks&Accessories",3,Epson 003 65 ml for EcoTank L1110/L3100/L3101/L311,4.4,8614.0
Tablets,1,Xiaomi Pad 5| Qualcomm Snapdragon 860| 120Hz Refre,4.6,2886.0
WearableTechnology,1,Noise ColorFit Pro 2 Full Touch Control Smart Watc,4.0,92588.0
WearableTechnology,2,Noise ColorFit Pro 2 Full Touch Control Smart Watc,4.0,92588.0
WearableTechnology,3,"boAt Xtend Smartwatch with Alexa Built-in, 1.69” H",4.2,69622.0
