product,rating,rating_count,weighted_rating
Swiffer Instant Electric Water Heater Faucet Tap H,4.8,53803.0,4.637
SanDisk Extreme SD UHS I 64GB Card for 4K Video fo,4.5,205052.0,4.47
AmazonBasics USB 2.0 Cable - A-Male to B-Male - fo,4.5,107687.0,4.447
Crucial BX500 240GB 3D NAND SATA 6.35 cm (2.5-inch,4.5,92925.0,4.44
Redgear MP35 Speed-Type Gaming Mousepad (Black/Red,4.6,33434.0,4.435
AmazonBasics USB 2.0 Extension Cable for Personal ,4.5,74977.0,4.428
AmazonBasics USB 2.0 - A-Male to A-Female Extensio,4.5,74976.0,4.428
Spigen EZ Fit Tempered Glass Screen Protector Guar,4.6,26603.0,4.409
"Logitech M235 Wireless Mouse, 1000 DPI Optical Tra",4.5,54405.0,4.407
Seagate Expansion 1TB External HDD - USB 3.0 for W,4.5,50810.0,4.402
