product,brand,sub_category,discount_pct,rating,rating_count
Boult Audio AirBass PowerBuds with Inbuilt Powerba,Boult,"Headphones,Earbuds&Accessories",83,3.7,28324.0
"Boult Audio Truebuds with 30H Playtime, IPX7 Water",Boult,"Headphones,Earbuds&Accessories",85,3.6,25910.0
"PTron Boom Ultima 4D Dual Driver, in-Ear Gaming Wi",pTron,"Headphones,Earbuds&Accessories",84,3.6,18202.0
GIZGA essentials Universal Silicone Keyboard Prote,Gizga,Accessories&Peripherals,87,3.5,15233.0
Boult Audio Airbass Propods X TWS Bluetooth Truly ,Boult,"Headphones,Earbuds&Accessories",82,3.5,12966.0
Zodo 8. 5 inch LCD E-Writer Electronic Writing Pad,Zodo,Accessories&Peripherals,80,3.5,9638.0
Gizga Essentials Multi-Purpose Portable & Foldable,Gizga,Accessories&Peripherals,73,3.6,6422.0
LS LAPSTER Quality Assured Universal Silicone 15.6,LS,Accessories&Peripherals,88,3.3,5692.0
PTron Newly Launched Force X10 Bluetooth Calling S,pTron,WearableTechnology,78,3.3,4415.0
PTron Newly Launched Force X10 Bluetooth Calling S,pTron,WearableTechnology,77,3.3,4415.0
PTron Newly Launched Force X10 Bluetooth Calling S,pTron,WearableTechnology,78,3.3,4415.0
ROYAL STEP - AMAZON'S BRAND - Portable Electric US,ROYAL,Kitchen&HomeAppliances,77,3.1,3527.0
HP w100 480P 30 FPS Digital Webcam with Built-in M,HP,Cameras&Photography,75,3.7,3369.0
"SWAPKART Flexible Mobile Tabletop Stand, Metal Bui",SWAPKART,Mobiles&Accessories,75,3.7,3234.0
LAPSTER Accessories Power Cable Cord 2 Pin Laptop ,Lapster,Accessories&Peripherals,85,3.5,2523.0
MYVN LTG to USB for Fast Charging & Data Sync USB ,MYVN,Accessories&Peripherals,75,3.7,2249.0
"Airtel DigitalTV DTH Television, Setup Box Remote ",Airtel,"HomeTheater,TV&Video",78,3.7,2201.0
beatXP Kitchen Scale Multipurpose Portable Electro,beatXP,Kitchen&HomeAppliances,90,3.7,2031.0
"Boult Audio Omega with 30dB ANC+ ENC, 32H Playtime",Boult,"Headphones,Earbuds&Accessories",80,3.7,1986.0
ZEBRONICS Zeb-Sound Bomb N1 True Wireless in Ear E,Zebronics,"Headphones,Earbuds&Accessories",76,3.5,1913.0
SVM Products Unbreakable Set Top Box Stand with Du,SVM,"HomeTheater,TV&Video",76,3.6,1796.0
"Kitchen Kit Electric Kettle, 1.8L Stainless Steel ",Kitchen,Kitchen&HomeAppliances,76,3.4,1066.0
