product,sub_category,discount_pct,sub_category_avg,above_average_by,rating
COI Note Pad/Memo Book with Sticky Notes & Cl,OfficePaperProducts,75,14.0,61.0,4.1
ELV Aluminum Adjustable Mobile Phone Foldable,Mobiles&Accessories,82,41.5,40.5,4.5
STRIFF Wall Mount Phone Holder Wall Mount wit,Mobiles&Accessories,82,41.5,40.5,4.1
Portronics MODESK POR-122 Universal Mobile Ta,Mobiles&Accessories,81,41.5,39.5,4.1
STRIFF PS2_01 Multi Angle Mobile/Tablet Table,Mobiles&Accessories,80,41.5,38.5,4.3
Elv Aluminium Adjustable Mobile Phone Foldabl,Mobiles&Accessories,79,41.5,37.5,4.5
Tukzer Fully Foldable Tabletop Desktop Tablet,Mobiles&Accessories,79,41.5,37.5,4.0
"3M Post-it Sticky Note Cube, 200 Sheets (4 Co",OfficePaperProducts,49,14.0,35.0,4.4
LAPSTER Spiral Charger Spiral Charger Cable P,Accessories&Peripherals,90,55.4,34.6,4.1
PTron Solero T241 2.4A Type-C Data & Charging,Accessories&Peripherals,88,55.4,32.6,3.9
