sub_category,products,avg_negative_per_review,avg_rating
"Headphones,Earbuds&Accessories",63,0.227,3.92
"HomeTheater,TV&Video",156,0.165,4.07
HomeAudio,16,0.164,4.07
WearableTechnology,62,0.138,4.01
NetworkingDevices,30,0.133,4.16
Kitchen&HomeAppliances,308,0.125,4.05
"Heating,Cooling&AirQuality",116,0.113,3.99
Mobiles&Accessories,151,0.11,4.13
HomeStorage&Organization,16,0.086,4.03
Cameras&Photography,16,0.086,4.13
Accessories&Peripherals,307,0.083,4.14
OfficePaperProducts,27,0.069,4.29
ExternalDevices&DataStorage,18,0.049,4.32
